<application>
  <component name="FileTypeManager" version="17">
    <extensionMap>
      <mapping pattern="training_en" type="PLAIN_TEXT" />
      <mapping pattern="a" type="PLAIN_TEXT" />
      <mapping pattern="comp" type="PLAIN_TEXT" />
      <mapping pattern="training_fr" type="PLAIN_TEXT" />
      <mapping pattern="training_eng" type="PLAIN_TEXT" />
      <mapping pattern="training_test" type="PLAIN_TEXT" />
      <mapping pattern="go.mod" type="PLAIN_TEXT" />
      <mapping pattern="test1" type="PLAIN_TEXT" />
      <mapping ext="sum" type="PLAIN_TEXT" />
      <mapping ext="vec" type="PLAIN_TEXT" />
      <mapping ext="ptrn" type="PLAIN_TEXT" />
    </extensionMap>
  </component>
</application>