<application>
  <component name="MaterialThemeConfig">
    <option name="darkTitleBar" value="true" />
    <option name="isCompactStatusBar" value="true" />
    <option name="isContrastMode" value="true" />
    <option name="isWizardShown" value="true" />
    <option name="pristineConfig" value="false" />
    <option name="tabFontSize" value="14" />
    <option name="accentColor" value="e95e01" />
    <option name="selectedTheme" value="CUSTOM" />
    <option name="userId" value="-9fcb19c:16af521896d:-8000" />
    <option name="version" value="3.10.0" />
  </component>
</application>