<keymap version="1" name="Default copy" parent="$default">
  <action id="ContextHelp" />
  <action id="FileStructurePopup">
    <keyboard-shortcut first-keystroke="ctrl r" />
  </action>
  <action id="GotoDeclaration">
    <mouse-shortcut keystroke="control button1" />
    <mouse-shortcut keystroke="button2" />
    <keyboard-shortcut first-keystroke="f12" />
  </action>
  <action id="GotoFile">
    <keyboard-shortcut first-keystroke="shift ctrl n" />
    <keyboard-shortcut first-keystroke="f1" />
  </action>
  <action id="JumpToLastWindow" />
  <action id="Replace" />
  <action id="Vcs.UpdateProject" />
</keymap>